Service,Service Group,Tag,Service Category,Netify,Netify Link,Endpoints Description,Netify Domains,Netify Domains (cached),Manual Domains,Merged Domains
"ESET Data Framework (Anti-Theft, ESET License Administrator, Parental control, Web control)",eset,eset-edf,Antivirus,No,-,https://support.eset.com/en/kb332-ports-and-addresses-required-to-use-your-eset-product-with-a-third-party-firewall,,,edf.eset.com,edf.eset.com
ESET Submit suspicious files and anonymous statistical information,eset,eset-ts,Antivirus,No,-,-,,,ts.eset.com,ts.eset.com
ESET Push Notification Service,eset,eset-epns,Notification services,No,-,-,,,epns.eset.com,epns.eset.com
ESET Dynamic Threat Defense,eset,eset-edtd,Antivirus,No,-,-,,,"r.edtd.eset.com, t.edtd.eset.com","r.edtd.eset.com, t.edtd.eset.com"
ESET Secure Authentication Provisioning Server (two-factor authentication),eset,eset-esa,Authentication services,No,-,-,,,esa.eset.com,esa.eset.com
McAfee Global Threat Intelligence,mcafee,mcafee-gti,Antivirus,No,-,https://kc.mcafee.com/corporate/index?page=content&id=KB93324,,,*.gti.mcafee.com,*.gti.mcafee.com
McAfee Real Protect cloud-based scanning,mcafee,mcafee-realprotect,Antivirus,No,-,-,,,realprotect1.mcafee.com,realprotect1.mcafee.com
McAfee CCS (Canadian Common Criteria Evaluation and Certification Scheme),mcafee,mcafee-ccs,Antivirus,No,-,-,,,*.ccs.mcafee.com,*.ccs.mcafee.com
Bitdefender GravityZone,bitdefender,bitdefender-gravityzone,Antivirus,No,-,https://www.bitdefender.com/support/bitdefender-gravityzone-(cloud-console)-communication-ports-1256.html,,,*.gravityzone.bitdefender.com,*.gravityzone.bitdefender.com
Bitdefender Nimbus,bitdefender,bitdefender-nimbus,Antivirus,No,-,-,,,*.nimbus.bitdefender.net,*.nimbus.bitdefender.net
Adobe Document Cloud,adobe,adobe-cloud,File sharing,No,-,https://www.adobe.com/devnet-docs/acrobatetk/tools/AdminGuide/endpoints.html,,,"dc-api.adobe.io, cloud.acrobat.com, *.files.acrobat.com","dc-api.adobe.io, cloud.acrobat.com, *.files.acrobat.com"
Adobe Analytics,adobe,adobe-analytics,Analytics & Telemetry,No,-,https://helpx.adobe.com/enterprise/kb/network-endpoints.html,,,"hbrt.adobe.com, adobe.demdex.net, sstats.adobe.com","hbrt.adobe.com, adobe.demdex.net, sstats.adobe.com"
Adobe Universal Search,adobe,adobe-search,Search,No,-,-,,,adobesearch.adobe.io,adobesearch.adobe.io
Adobe Updater,adobe,adobe-updater,Software updates,No,-,-,,,armmf.adobe.com,armmf.adobe.com
Adobe Authentication Services,adobe,adobe-authentication,Authentication services,No,-,-,,,"*.adobelogin.com, adobeid-na1.services.adobe.com, na1e-acc.services.adobe.com, na1r.services.adobe.com","*.adobelogin.com, adobeid-na1.services.adobe.com, na1e-acc.services.adobe.com, na1r.services.adobe.com"
Adobe Notifications,adobe,adobe-notifications,Notification services,No,-,-,,,notify.adobe.io,notify.adobe.io
Adobe Ads,adobe,adobe-ads,Advertising,Yes,,-,"*.2o7.net, *.adobe-campaign.com, *.adobeaemcloud.com, *.adobecce.com, *.adobeconnect.com, *.adobedtm.com, *.adobemsbasic.com, *.adobeprimetime.com, *.adobess.com, *.adobetag.com, *.business.adobe.com, *.campaign.adobe.com, *.cvs.adobe.com, *.demdex.com, *.demdex.net, *.everestads.net, *.everesttech.net, *.marketo.com, *.mktoapi.com, *.mktoapp.com, *.mktoapps.com, *.mktoedge.com, *.mktomail.com, *.mktomma.com, *.mktoresp.com, *.mktossl.com, *.mktoutil.com, *.mktoweb.com, *.omniture.com, *.omtrdc.net, *.scene7.com, *.ss-omtrdc.net, *.sstats.adobe.com, *.tmogul.com, *.tubemogul.com","*.2o7.net, *.adobeaemcloud.com, *.adobecce.com, *.adobeconnect.com, *.adobedtm.com, *.adobeprimetime.com, *.adobess.com, *.adobetag.com, *.business.adobe.com, *.demdex.com, *.demdex.net, *.everestads.net, *.everesttech.net, *.marketo.com, *.mktoresp.com, *.mktoutil.com, *.omniture.com, *.omtrdc.net, *.ss-omtrdc.net, *.sstats.adobe.com, *.tmogul.com, *.tubemogul.com",,"*.2o7.net, *.adobeaemcloud.com, *.adobecce.com, *.adobeconnect.com, *.adobedtm.com, *.adobeprimetime.com, *.adobess.com, *.adobetag.com, *.business.adobe.com, *.demdex.com, *.demdex.net, *.everestads.net, *.everesttech.net, *.marketo.com, *.mktoresp.com, *.mktoutil.com, *.omniture.com, *.omtrdc.net, *.ss-omtrdc.net, *.sstats.adobe.com, *.tmogul.com, *.tubemogul.com"
Google Search & Maps,google,google-www,Search,No,-,https://developers.google.com/maps/gmp-domains,,,"www.google.com, www.google.cz, www.google.at, www.google.sk, maps.googleapis.com, mobilemaps.googleapis.com","www.google.com, www.google.cz, www.google.at, www.google.sk, maps.googleapis.com, mobilemaps.googleapis.com"
Google Play,google,google-play,Other services and APIs,No,-,https://support.google.com/work/android/answer/10513641?hl=en,,,"play.google.com, *.gvt1.com, *.gvt2.com, *.gvt3.com, android.clients.google.com","play.google.com, *.gvt1.com, *.gvt2.com, *.gvt3.com, android.clients.google.com"
Google Backend Services,google,google-services,Other services and APIs,No,-,-,,,"clients2.google.com, clients3.google.com, clients4.google.com, clients5.google.com, clients6.google.com","clients2.google.com, clients3.google.com, clients4.google.com, clients5.google.com, clients6.google.com"
Google Authentication,google,google-authentication,Authentication services,No,-,-,,,"accounts.google.com, myaccount.google.com, oauth2.googleapis.com, ogs.google.com, accounts.youtube.com","accounts.google.com, myaccount.google.com, oauth2.googleapis.com, ogs.google.com, accounts.youtube.com"
Google Connectivity Check,google,google-conncheck,Analytics & Telemetry,No,-,-,,,connectivitycheck.gstatic.com,connectivitycheck.gstatic.com
Google Fonts,google,google-fonts,Streaming media,No,-,-,,,"fonts.gstatic.com, fonts.googleapis.com","fonts.gstatic.com, fonts.googleapis.com"
Google Drive,google,google-drive,File sharing,No,-,https://support.google.com/a/answer/2589954,,,"*.drive.google.com, *.docs.google.com, *.googleusercontent.com","*.drive.google.com, *.docs.google.com, *.googleusercontent.com"
Google Translate,google,google-translate,Other services and APIs,No,-,-,,,"translate.google.com, translate.googleapis.com","translate.google.com, translate.googleapis.com"
Gmail,google,gmail,Mail,No,-,https://support.google.com/a/answer/9497877,,,"*.gmail.com, *.mail.google.com","*.gmail.com, *.mail.google.com"
Youtube,google,youtube,Streaming media,No,-,-,,,"*.googlevideo.com, *.video.google.com, *.youtu.be, *.youtube-nocookie.com, *.youtube-ui.l.google.com, *.youtube.com, *.youtube.googleapis.com, *.youtubeeducation.com, *.youtubei.googleapis.com, *.yt3.ggpht.com, *.ytimg.com","*.googlevideo.com, *.video.google.com, *.youtu.be, *.youtube-nocookie.com, *.youtube-ui.l.google.com, *.youtube.com, *.youtube.googleapis.com, *.youtubeeducation.com, *.youtubei.googleapis.com, *.yt3.ggpht.com, *.ytimg.com"
Google Hangouts/Meets,google,google-hangouts,Videoconferencing,Yes,,-,"*.duo.google.com, *.hangouts.clients6.google.com, *.hangouts.google.com, *.hangouts.googleapis.com, *.meet.google.com, *.meetings.googleapis.com, *.stun.l.google.com, *.stun1.l.google.com","*.alt1-mtalk.google.com, *.alt2-mtalk.google.com, *.alt3-mtalk.google.com, *.alt4-mtalk.google.com, *.alt5-mtalk.google.com, *.alt6-mtalk.google.com, *.alt7-mtalk.google.com, *.alt8-mtalk.google.com, *.hangouts.clients6.google.com, *.hangouts.google.com, *.hangouts.googleapis.com, *.meet.google.com, *.meetings.googleapis.com, *.mobile-gtalk.l.google.com, *.mobile-gtalk4.l.google.com, *.mtalk.google.com, *.talk.google.com, *.talkx.l.google.com",,"*.alt1-mtalk.google.com, *.alt2-mtalk.google.com, *.alt3-mtalk.google.com, *.alt4-mtalk.google.com, *.alt5-mtalk.google.com, *.alt6-mtalk.google.com, *.alt7-mtalk.google.com, *.alt8-mtalk.google.com, *.hangouts.clients6.google.com, *.hangouts.google.com, *.hangouts.googleapis.com, *.meet.google.com, *.meetings.googleapis.com, *.mobile-gtalk.l.google.com, *.mobile-gtalk4.l.google.com, *.mtalk.google.com, *.talk.google.com, *.talkx.l.google.com"
Google Analytics & Ads,google,google-ads,Advertising,Yes,,-,"*.2mdn.net, *.adsense.google.com, *.adservice.google.ca, *.adservice.google.co.in, *.adservice.google.co.kr, *.adservice.google.co.uk, *.adservice.google.co.za, *.adservice.google.com, *.adservice.google.com.ar, *.adservice.google.com.au, *.adservice.google.com.br, *.adservice.google.com.co, *.adservice.google.com.gt, *.adservice.google.com.mx, *.adservice.google.com.pe, *.adservice.google.com.ph, *.adservice.google.com.pk, *.adservice.google.com.tr, *.adservice.google.com.tw, *.adservice.google.com.vn, *.adservice.google.de, *.adservice.google.dk, *.adservice.google.es, *.adservice.google.fr, *.adservice.google.nl, *.adservice.google.no, *.adservice.google.pl, *.adservice.google.ru, *.adservice.google.vg, *.app-measurement.com, *.dai.google.com, *.doubleclick.com, *.doubleclick.net, *.doubleclickbygoogle.com, *.googleadservices.com, *.googlesyndication-cn.com, *.googlesyndication.com, *.googletagservices.com, *.gstaticadssl.l.google.com, *.s0-2mdn-net.l.google.com","*.2mdn.net, *.adsense.google.com, *.adservice.google.ca, *.adservice.google.co.in, *.adservice.google.co.kr, *.adservice.google.co.uk, *.adservice.google.co.za, *.adservice.google.com, *.adservice.google.com.ar, *.adservice.google.com.au, *.adservice.google.com.br, *.adservice.google.com.co, *.adservice.google.com.gt, *.adservice.google.com.mx, *.adservice.google.com.pe, *.adservice.google.com.ph, *.adservice.google.com.pk, *.adservice.google.com.tr, *.adservice.google.com.tw, *.adservice.google.com.vn, *.adservice.google.de, *.adservice.google.dk, *.adservice.google.es, *.adservice.google.fr, *.adservice.google.nl, *.adservice.google.no, *.adservice.google.ru, *.adservice.google.vg, *.app-measurement.com, *.appspot.com, *.doubleclick.com, *.doubleclick.net, *.doubleclickbygoogle.com, *.google-analytics.com, *.googleadservices.com, *.googlesyndication.com, *.googletagmanager.com, *.googletagservices.com, *.gstaticadssl.l.google.com, *.mail-ads.google.com, *.ssl-google-analytics.l.google.com, *.www-googletagmanager.l.google.com",,"*.2mdn.net, *.adsense.google.com, *.adservice.google.ca, *.adservice.google.co.in, *.adservice.google.co.kr, *.adservice.google.co.uk, *.adservice.google.co.za, *.adservice.google.com, *.adservice.google.com.ar, *.adservice.google.com.au, *.adservice.google.com.br, *.adservice.google.com.co, *.adservice.google.com.gt, *.adservice.google.com.mx, *.adservice.google.com.pe, *.adservice.google.com.ph, *.adservice.google.com.pk, *.adservice.google.com.tr, *.adservice.google.com.tw, *.adservice.google.com.vn, *.adservice.google.de, *.adservice.google.dk, *.adservice.google.es, *.adservice.google.fr, *.adservice.google.nl, *.adservice.google.no, *.adservice.google.ru, *.adservice.google.vg, *.app-measurement.com, *.appspot.com, *.doubleclick.com, *.doubleclick.net, *.doubleclickbygoogle.com, *.google-analytics.com, *.googleadservices.com, *.googlesyndication.com, *.googletagmanager.com, *.googletagservices.com, *.gstaticadssl.l.google.com, *.mail-ads.google.com, *.ssl-google-analytics.l.google.com, *.www-googletagmanager.l.google.com"
Google Safe Browsing API,google,google-safebrowsing,Antivirus,No,-,-,,,safebrowsing.googleapis.com,safebrowsing.googleapis.com
Chrome Remote Desktop API,google,chrome-remotedesktop,Remote desktop,No,-,-,,,remotedesktop-pa.googleapis.com,remotedesktop-pa.googleapis.com
Google User Location API,google,google-userlocation,Other services and APIs,No,-,-,,,userlocation.googleapis.com,userlocation.googleapis.com
Apple iTunes,apple,apple-itunes,Music,Yes,,-,"*.applemusic.apple, *.itun.es, *.itunes.apple.com, *.itunes.ca, *.itunes.co, *.itunes.co.th, *.itunes.com, *.itunes.hk, *.itunes.mx, *.itunes.org, *.itunes.us, *.music.apple.com","*.applemusic.apple, *.e673.dsce9.akamaiedge.net, *.itun.es, *.itunes.apple.com, *.itunes.ca, *.itunes.co, *.itunes.co.th, *.itunes.com, *.itunes.hk, *.itunes.mx, *.itunes.org, *.itunes.us, *.music.apple.com",,"*.applemusic.apple, *.e673.dsce9.akamaiedge.net, *.itun.es, *.itunes.apple.com, *.itunes.ca, *.itunes.co, *.itunes.co.th, *.itunes.com, *.itunes.hk, *.itunes.mx, *.itunes.org, *.itunes.us, *.music.apple.com"
Apple iCloud,apple,apple-icloud,File sharing,Yes,,-,"*.apple-cloudkit.com, *.apple-icloud.cn, *.appleicloud.cn, *.icloud-apple.cn, *.icloud-content.com, *.icloud.apple, *.icloud.ch, *.icloud.com, *.icloud.com.cn, *.icloud.de, *.icloud.ee, *.icloud.fi, *.icloud.fr, *.icloud.hu, *.icloud.ie, *.icloud.is, *.icloud.jp, *.icloud.lv, *.icloud.net.cn, *.icloud.om, *.icloud.org, *.icloud.pt, *.icloud.ro, *.icloud.se, *.icloud.si, *.icloud.sk, *.icloud.vn","*.apple-cloudkit.com, *.apple-icloud.cn, *.appleicloud.cn, *.icloud-apple.cn, *.icloud-content.com, *.icloud.apple, *.icloud.ch, *.icloud.com, *.icloud.com.cn, *.icloud.de, *.icloud.ee, *.icloud.fi, *.icloud.fr, *.icloud.hu, *.icloud.ie, *.icloud.is, *.icloud.jp, *.icloud.lv, *.icloud.net.cn, *.icloud.om, *.icloud.org, *.icloud.pt, *.icloud.ro, *.icloud.se, *.icloud.si, *.icloud.sk, *.icloud.vn",,"*.apple-cloudkit.com, *.apple-icloud.cn, *.appleicloud.cn, *.icloud-apple.cn, *.icloud-content.com, *.icloud.apple, *.icloud.ch, *.icloud.com, *.icloud.com.cn, *.icloud.de, *.icloud.ee, *.icloud.fi, *.icloud.fr, *.icloud.hu, *.icloud.ie, *.icloud.is, *.icloud.jp, *.icloud.lv, *.icloud.net.cn, *.icloud.om, *.icloud.org, *.icloud.pt, *.icloud.ro, *.icloud.se, *.icloud.si, *.icloud.sk, *.icloud.vn"
Apple Siri,apple,apple-siri,Virtual assistant,Yes,,-,"*.carry-siri-apple-com.v.aaplimg.com, *.dejavu.apple.com, *.diatryma.apple.com, *.guzzoni-apple-com-edge.v.aaplimg.com, *.guzzoni-apple-com-zaisd1.g.aaplimg.com, *.guzzoni-apple-com.v.aaplimg.com, *.guzzoni.apple.com, *.seed-siri-apple-com.v.aaplimg.com, *.sequoia.apple.com, *.siri.apple.com, *.swallow-apple-com.v.aaplimg.com, *.swallow.apple.com","*.dejavu.apple.com, *.guzzoni-apple-com.v.aaplimg.com, *.guzzoni.apple.com, *.siri.apple.com, *.swallow.apple.com",,"*.dejavu.apple.com, *.guzzoni-apple-com.v.aaplimg.com, *.guzzoni.apple.com, *.siri.apple.com, *.swallow.apple.com"
Apple Updates,apple,apple-updates,Software updates,No,-,https://support.apple.com/en-us/HT210060,,,"mesu.apple.com, xp.apple.com, configuration.apple.com","mesu.apple.com, xp.apple.com, configuration.apple.com"
Apple Push Notifications,apple,apple-push,Notification services,No,-,http://www.jjinc.com.au/announcements/apple170008services,,,*.push.apple.com,*.push.apple.com
Apple Weather,apple,apple-weather,Weather services,No,-,-,,,weather-data.apple.com,weather-data.apple.com
Apple Location Services,apple,apple-location,Other services and APIs,No,-,-,,,"iphone-ld.apple.com, gs-loc.apple.com, *.ls.apple.com, cl2.apple.com, cl3.apple.com, gsp10-ssl.apple.com","iphone-ld.apple.com, gs-loc.apple.com, *.ls.apple.com, cl2.apple.com, cl3.apple.com, gsp10-ssl.apple.com"
Apple OCSP,apple,apple-ocsp,Other services and APIs,No,-,-,,,ocsp2.apple.com,ocsp2.apple.com
Apple Authentication,apple,apple-authentication,Authentication services,No,-,-,,,gsa.apple.com,gsa.apple.com
Apple Pancake,apple,apple-pancake,Other services and APIs,No,-,-,,,pancake.apple.com,pancake.apple.com
MS OneDrive,microsoft,microsoft-onedrive,File sharing,Yes,,https://docs.microsoft.com/en-us/onedrive/required-urls-and-ports,"*.1drv.com, *.1drv.ms, *.docs.live.net, *.l-0003.l-dc-msedge.net, *.l-0003.l-msedge.net, *.l-0004.l-dc-msedge.net, *.livefilestore.com, *.odwebb.svc.ms, *.odwebdf.svc.ms, *.odwebp.svc.ms, *.odwebpl.svc.ms, *.onedrive.com, *.onedrive.live.com, *.settings.live.net, *.skyapi.live.net, *.skyapi.policies.live.net, *.skydrivesync.policies.live.net, *.storage.live.com, *.windows.policies.live.net","*.1drv.com, *.1drv.ms, *.docs.live.net, *.livefilestore.com, *.onedrive.com, *.onedrive.live.com, *.settings.live.net, *.skyapi.live.net, *.skyapi.policies.live.net, *.skydrivesync.policies.live.net, *.storage.live.com, *.windows.policies.live.net",,"*.1drv.com, *.1drv.ms, *.docs.live.net, *.livefilestore.com, *.onedrive.com, *.onedrive.live.com, *.settings.live.net, *.skyapi.live.net, *.skyapi.policies.live.net, *.skydrivesync.policies.live.net, *.storage.live.com, *.windows.policies.live.net"
MS Outlook,microsoft,outlook,Mail,Yes,,-,"*.acdc-direct.office.com, *.acompli.net, *.atm-fp-direct.office.com, *.attachments-dod.office365-net.us, *.attachments.office.net, *.attachments.office365-net.cn, *.attachments.office365-net.de, *.attachments.office365-net.us, *.ha-smtp.live.com, *.hotmail.com, *.imap-mail.outlook.com, *.mail.live.com, *.mail.microsoft.com, *.ms-acdc.office.com, *.olsvc.com, *.ooc.tm-2.office.com, *.outlook-1.cdn.office.net, *.outlook-dod.office365.us, *.outlook.cn, *.outlook.com, *.outlook.ha.office365.com, *.outlook.live.com, *.outlook.live.net, *.outlook.office.com, *.outlook.office.de, *.outlook.office365.com, *.outlook.office365.us, *.outlookmobile.com, *.ow1.res.office365.com, *.ow2.res.office365.com, *.pop3.live.com, *.postmaster.live.com, *.postmaster.msn.com, *.r1.res.office365.com, *.r3.res.office365.com, *.r4.res.office365.com, *.smtp.live.com, *.smtp.office365.com, *.substrate.office.com, *.webmail.apps.mil","*.acompli.net, *.baydin.com, *.hotmail.com, *.imap-mail.outlook.com, *.mail.live.com, *.olsvc.com, *.outlook-1.cdn.office.net, *.outlook.com, *.outlook.com.edgekey.net, *.outlook.ha.office365.com, *.outlook.live.com, *.outlook.live.net, *.outlook.office365.com, *.outlookmobile.com, *.ow1.res.office365.com, *.ow2.res.office365.com, *.r3.res.office365.com, *.r4.res.office365.com",,"*.acompli.net, *.baydin.com, *.hotmail.com, *.imap-mail.outlook.com, *.mail.live.com, *.olsvc.com, *.outlook-1.cdn.office.net, *.outlook.com, *.outlook.com.edgekey.net, *.outlook.ha.office365.com, *.outlook.live.com, *.outlook.live.net, *.outlook.office365.com, *.outlookmobile.com, *.ow1.res.office365.com, *.ow2.res.office365.com, *.r3.res.office365.com, *.r4.res.office365.com"
MS Office 365,microsoft,office-365,File sharing,Yes,,https://docs.microsoft.com/en-us/microsoft-365/enterprise/urls-and-ip-address-ranges?view=o365-worldwide,"*.assets-yammer.com, *.clo.footprintdns.com, *.e3394.dscc.akamaiedge.ne, *.e3394.dscg.akamaiedge.ne, *.microsoftonline-p.com, *.microsoftonline.com, *.msocdn.com, *.msocsp.com, *.nrb.footprintdns.com, *.o365filtering.com, *.office.com, *.office.de, *.office.microsoft, *.office.net, *.office365.com, *.office365.us, *.officeapps.live.com, *.officecdn.microsoft.com, *.officeclient.microsoft.com, *.onmicrosoft.com, *.svc.ms, *.yammer.com","*.assets-yammer.com, *.client-office365-tas.msedge.net, *.clo.footprintdns.com, *.e11271.dscg.akamaiedge.net, *.microsoftonline-p.com, *.microsoftonline.com, *.msocdn.com, *.msocsp.com, *.nrb.footprintdns.com, *.o365filtering.com, *.office.com, *.office.de, *.office.microsoft, *.office.net, *.office365.com, *.office365.us, *.officeapps.live.com, *.officeapps.live.com.edgekey.net, *.officecdn.microsoft.com, *.officeclient.microsoft.com, *.onmicrosoft.com, *.svc.ms, *.yammer.com",self.events.data.microsoft.com,"*.assets-yammer.com, *.client-office365-tas.msedge.net, *.clo.footprintdns.com, *.e11271.dscg.akamaiedge.net, *.microsoftonline-p.com, *.microsoftonline.com, *.msocdn.com, *.msocsp.com, *.nrb.footprintdns.com, *.o365filtering.com, *.office.com, *.office.de, *.office.microsoft, *.office.net, *.office365.com, *.office365.us, *.officeapps.live.com, *.officeapps.live.com.edgekey.net, *.officecdn.microsoft.com, *.officeclient.microsoft.com, *.onmicrosoft.com, *.svc.ms, *.yammer.com, self.events.data.microsoft.com"
MS Authentication,microsoft,microsoft-authentication,Authentication services,Yes,,-,"*.account.live-int.com, *.account.live.com, *.activedirectory.windowsazure.com, *.authgfx.msa.akadns6.net, *.client.hip.live.com, *.graph.microsoft.com, *.graph.windows.net, *.login.live-int.com, *.login.live.com, *.login.microsoft.com, *.login.microsoftonline.com, *.login.windows.net, *.microsoftazuread-sso.com, *.msagfx.live.com, *.msauth.net, *.msftauth.net, *.msidentity.com, *.myaccount.microsoft.com, *.mysignins.microsoft.com, *.passport.net, *.passwordreset.microsoftonline.com, *.signup.live.com","*.account.live.com, *.activedirectory.windowsazure.com, *.client.hip.live.com, *.graph.microsoft.com, *.graph.windows.net, *.login.live.com, *.login.microsoftonline.com, *.login.windows.net, *.microsoftazuread-sso.com, *.msauth.net, *.msftauth.net, *.msidentity.com, *.myaccount.microsoft.com, *.mysignins.microsoft.com, *.passport.net, *.passwordreset.microsoftonline.com, *.signup.live.com",,"*.account.live.com, *.activedirectory.windowsazure.com, *.client.hip.live.com, *.graph.microsoft.com, *.graph.windows.net, *.login.live.com, *.login.microsoftonline.com, *.login.windows.net, *.microsoftazuread-sso.com, *.msauth.net, *.msftauth.net, *.msidentity.com, *.myaccount.microsoft.com, *.mysignins.microsoft.com, *.passport.net, *.passwordreset.microsoftonline.com, *.signup.live.com"
MS Weather,microsoft,microsoft-weather,Weather services,No,-,https://docs.microsoft.com/en-us/windows/privacy/windows-endpoints-20h2-non-enterprise-editions,,,*.weather.microsoft.com,*.weather.microsoft.com
MS Diagnostic Data,microsoft,microsoft-diagnostic,Analytics & Telemetry,No,-,-,,,"v10.events.data.microsoft.com, v20.events.data.microsoft.com, eu-v10.events.data.microsoft.com, eu-v20.events.data.microsoft.com, watson.telemetry.microsoft.com","v10.events.data.microsoft.com, v20.events.data.microsoft.com, eu-v10.events.data.microsoft.com, eu-v20.events.data.microsoft.com, watson.telemetry.microsoft.com"
MS Windows Push Notification Services,microsoft,microsoft-push,Notification services,No,-,-,,,*.wns.windows.com,*.wns.windows.com
MS Windows Defender,microsoft,microsoft-defender,Antivirus,No,-,-,,,"*.smartscreen.microsoft.com, wdcp.microsoft.com, wdcpalt.microsoft.com, wdcpalt.microsoft.com, definitionupdates.microsoft.com, checkappexec.microsoft.com, smartscreen-prod.microsoft.com, europe.smartscreen-prod.microsoft.com","*.smartscreen.microsoft.com, wdcp.microsoft.com, wdcpalt.microsoft.com, wdcpalt.microsoft.com, definitionupdates.microsoft.com, checkappexec.microsoft.com, smartscreen-prod.microsoft.com, europe.smartscreen-prod.microsoft.com"
MS Windows Update,microsoft,microsoft-update,Software updates,No,-,-,,,"*.prod.do.dsp.mp.microsoft.com, *.update.microsoft.com","*.prod.do.dsp.mp.microsoft.com, *.update.microsoft.com"
MS Windows Settings API,microsoft,microsoft-settings,Analytics & Telemetry,No,-,https://support.microsoft.com/en-us/topic/update-for-customer-experience-and-diagnostic-telemetry-2649a645-0d3d-fa61-0773-ef84c0a8c8ac,,,"settings-win.data.microsoft.com, settings.data.microsoft.com, *.vortex-win.data.microsoft.com","settings-win.data.microsoft.com, settings.data.microsoft.com, *.vortex-win.data.microsoft.com"
MS Notes Insights,microsoft,microsoft-notes,Analytics & Telemetry,No,-,-,,,insights.notes.microsoft.com,insights.notes.microsoft.com
Skype,microsoft,skype,Videoconferencing,Yes,,-,"*.skype.com, *.skypeassets.com","*.lync.com, *.sfbassets.com, *.skype-calling-missedcallsregistrar-prod-wus.cloudapp.net, *.skype.com, *.skypeassets.com, *.skypeecs-prod-use-0-b.cloudapp.net, *.skypeecs-prod-usw-0.cloudapp.net, *.skypeforbusiness.com",,"*.lync.com, *.sfbassets.com, *.skype-calling-missedcallsregistrar-prod-wus.cloudapp.net, *.skype.com, *.skypeassets.com, *.skypeecs-prod-use-0-b.cloudapp.net, *.skypeecs-prod-usw-0.cloudapp.net, *.skypeforbusiness.com"
MS Teams,microsoft,teams,Videoconferencing,Yes,,-,"*.api.teams.skype.com, *.img.teams.skype.com, *.lync.cn, *.lync.com, *.sfbassets.com, *.skypeforbusiness.com, *.teams-msedge.net, *.teams.cdn.live.net, *.teams.cdn.office.net, *.teams.events.data.microsoft.com, *.teams.live.com, *.teams.microsoft.com, *.teams.microsoft.us, *.teams.office.com, *.teams.office.net, *.teams.skype.com","*.api.teams.skype.com, *.img.teams.skype.com, *.teams-msgapi.trafficmanager.net, *.teams.cdn.office.net, *.teams.events.data.microsoft.com, *.teams.microsoft.com, *.teams.microsoft.us, *.teams.office.com, *.teams.office.net, *.teams.skype.com, *.teams.trafficmanager.net",,"*.api.teams.skype.com, *.img.teams.skype.com, *.teams-msgapi.trafficmanager.net, *.teams.cdn.office.net, *.teams.events.data.microsoft.com, *.teams.microsoft.com, *.teams.microsoft.us, *.teams.office.com, *.teams.office.net, *.teams.skype.com, *.teams.trafficmanager.net"
Facebook Messenger,facebook,facebook-messenger,Instant messaging,No,-,-,,,"edge-chat.messenger.com, edge-chat.facebook.com, edge-mqtt.facebook.com, mqtt-mini.facebook.com","edge-chat.messenger.com, edge-chat.facebook.com, edge-mqtt.facebook.com, mqtt-mini.facebook.com"
Facebook Graph API,facebook,facebook-graph,Other services and APIs,No,-,https://developers.facebook.com/docs/graph-api/overview,,,"graph.facebook.com, b-graph.facebook.com","graph.facebook.com, b-graph.facebook.com"
Facebook Media,facebook,facebook-media,Streaming media,No,-,-,,,*.xx.fbcdn.net,*.xx.fbcdn.net
Facebook Web,facebook,facebook-web,Social,No,-,-,,,"www.facebook.com, m.facebook.com, web.facebook.com","www.facebook.com, m.facebook.com, web.facebook.com"
Instagram,facebook,instagram,Social,Yes,,-,"*.cdninstagram.com, *.ig.me, *.instagram.com","*.cdninstagram.com, *.instagram.c10r.facebook.com, *.instagram.com, *.z-p42-instagram.c10r.facebook.com",,"*.cdninstagram.com, *.instagram.c10r.facebook.com, *.instagram.com, *.z-p42-instagram.c10r.facebook.com"
WhatsApp,facebook,whatsapp,Instant messaging,Yes,,https://developers.facebook.com/docs/whatsapp/guides/network-requirements/,"*.wa.me, *.whatsapp-plus.info, *.whatsapp-plus.me, *.whatsapp-plus.net, *.whatsapp.cc, *.whatsapp.com, *.whatsapp.info, *.whatsapp.net, *.whatsapp.org, *.whatsapp.tv, *.whatsappbrand.com","*.wa.me, *.whatsapp-plus.info, *.whatsapp-plus.me, *.whatsapp-plus.net, *.whatsapp.cc, *.whatsapp.com, *.whatsapp.info, *.whatsapp.net, *.whatsapp.org, *.whatsapp.tv, *.whatsappbrand.com",,"*.wa.me, *.whatsapp-plus.info, *.whatsapp-plus.me, *.whatsapp-plus.net, *.whatsapp.cc, *.whatsapp.com, *.whatsapp.info, *.whatsapp.net, *.whatsapp.org, *.whatsapp.tv, *.whatsappbrand.com"
Seznam Email,seznam,seznam-email,Mail,No,-,-,,,*.email.seznam.cz,*.email.seznam.cz
Seznam Login,seznam,seznam-authentication,Authentication services,No,-,-,,,"login.seznam.cz, login.szn.cz, login.novinky.cz","login.seznam.cz, login.szn.cz, login.novinky.cz"
Seznam Media,seznam,seznam-media,Streaming media,No,-,-,,,"d32-a.sdn.cz, d49-a.sdn.cz, d25-a.sdn.cz, d39-a.sdn.cz, d53-a.sdn.cz, d15-a.sdn.cz, d21-a.sdn.cz, d27-a.sdn.cz, v15-a.sdn.cz, v11-a.sdn.cz, v12-a.sdn.cz, v116-a.sdn.cz","d32-a.sdn.cz, d49-a.sdn.cz, d25-a.sdn.cz, d39-a.sdn.cz, d53-a.sdn.cz, d15-a.sdn.cz, d21-a.sdn.cz, d27-a.sdn.cz, v15-a.sdn.cz, v11-a.sdn.cz, v12-a.sdn.cz, v116-a.sdn.cz"
Seznam SSP,seznam,seznam-ssp,Advertising,No,-,https://blog.seznam.cz/slovnik/ssp/,,,ssp.seznam.cz,ssp.seznam.cz
Seznam Search,seznam,seznam-search,Search,No,-,-,,,"search.seznam.cz, suggest.seznam.cz","search.seznam.cz, suggest.seznam.cz"
Seznam Push Notifications,seznam,seznam-notifications,Notification services,No,-,-,,,"notifikace.seznam.cz, notifikace.szn.cz, notifikace.novinky.cz","notifikace.seznam.cz, notifikace.szn.cz, notifikace.novinky.cz"
Mapy.cz,seznam,mapscz,Other services and APIs,No,-,-,,,*.mapy.cz,*.mapy.cz
Mozilla Push Service,mozilla,mozilla-push,Notification services,No,-,https://support.mozilla.org/en-US/kb/push-notifications-firefox,,,push.services.mozilla.com,push.services.mozilla.com
Mozilla Location Service,mozilla,mozilla-location,Other services and APIs,No,-,-,,,location.services.mozilla.com,location.services.mozilla.com
Mozilla Telemetry,mozilla,mozilla-telemetry,Analytics & Telemetry,No,-,-,,,incoming.telemetry.mozilla.org,incoming.telemetry.mozilla.org
Mozilla Token Service,mozilla,mozilla-token,Other services and APIs,No,-,-,,,token.services.mozilla.com,token.services.mozilla.com
Firefox Remote Settings,mozilla,firefox-settings,Analytics & Telemetry,No,-,-,,,firefox.settings.services.mozilla.com,firefox.settings.services.mozilla.com
Firefox Accounts,mozilla,firefox-accounts,Other services and APIs,No,-,-,,,"profile.accounts.firefox.com, api.accounts.firefox.com","profile.accounts.firefox.com, api.accounts.firefox.com"
Thunderbird Telemetry,mozilla,thunderbird-telemetry,Analytics & Telemetry,No,-,-,,,incoming-telemetry.thunderbird.net,incoming-telemetry.thunderbird.net
Opera Sitecheck,opera,opera-sitecheck,Antivirus,No,-,-,,,"sitecheck.opera.com, sitecheck2.opera.com","sitecheck.opera.com, sitecheck2.opera.com"
Opera Autoupdate,opera,opera-autoupdate,Software updates,No,-,-,,,autoupdate.geo.opera.com,autoupdate.geo.opera.com
Opera OAuth2,opera,opera-oauth2,Authentication services,No,-,-,,,oauth2.opera-api.com,oauth2.opera-api.com
Opera Speed Dial,opera,opera-speeddial,Other services and APIs,No,-,-,,,speeddials.opera.com,speeddials.opera.com
Opera Browser Notifications,opera,opera-notifications,Notification services,No,-,-,,,browser-notifications.opera.com,browser-notifications.opera.com
Opera Weather,opera,opera-weather,Weather services,No,-,-,,,weather.opera-api.com,weather.opera-api.com
Alza SignalR,alza,alza-signalr,Other services and APIs,No,-,https://docs.microsoft.com/en-us/aspnet/signalr/overview/guide-to-the-api/,,,signalr.alza.cz,signalr.alza.cz
Alza WebAPI,alza,alza-webapi,Other services and APIs,No,-,-,,,webapi.alza.cz,webapi.alza.cz
Alza CDN,alza,alza-cdn,Streaming media,No,-,-,,,cdn.alza.cz,cdn.alza.cz
Alza LogAPI,alza,alza-logapi,Analytics & Telemetry,No,-,-,,,logapi.alza.cz,logapi.alza.cz
Alza Banners,alza,alza-bnr,Advertising,No,-,-,,,bnr.alza.cz,bnr.alza.cz
Zoom,,zoom,Videoconferencing,Yes,,https://support.zoom.us/hc/en-us/articles/201362683-Network-firewall-or-proxy-server-settings-for-Zoom,"*.zoom.com, *.zoom.com.cn, *.zoom.us, *.zoomgov.com","*.zoom.com, *.zoom.com.cn, *.zoom.us, *.zoomgov.com",,"*.zoom.com, *.zoom.com.cn, *.zoom.us, *.zoomgov.com"
Webex,,webex,Videoconferencing,Yes,,"https://help.webex.com/en-us/WBX264/How-Do-I-Allow-Webex-Meetings-Traffic-on-My-Network#id_135010, https://help.webex.com/en-us/WBX000028782/Network-Requirements-for-Webex-Services#id_135010","*.ciscospark.com, *.ciscowebex.com, *.wbx2.com, *.webex.ca, *.webex.co.in, *.webex.co.it, *.webex.co.jp, *.webex.co.kr, *.webex.co.nz, *.webex.co.uk, *.webex.com, *.webex.com.au, *.webex.com.br, *.webex.com.cn, *.webex.com.hk, *.webex.com.mx, *.webex.de, *.webex.es, *.webex.fr, *.webexapis.com, *.webexapps.com, *.webexconnect.com, *.webexcontent.com","*.ciscospark.com, *.wbx2.com, *.webex.ca, *.webex.co.in, *.webex.co.it, *.webex.co.jp, *.webex.co.kr, *.webex.co.nz, *.webex.co.uk, *.webex.com, *.webex.com.au, *.webex.com.br, *.webex.com.cn, *.webex.com.hk, *.webex.com.mx, *.webex.de, *.webex.es, *.webex.fr",,"*.ciscospark.com, *.wbx2.com, *.webex.ca, *.webex.co.in, *.webex.co.it, *.webex.co.jp, *.webex.co.kr, *.webex.co.nz, *.webex.co.uk, *.webex.com, *.webex.com.au, *.webex.com.br, *.webex.com.cn, *.webex.com.hk, *.webex.com.mx, *.webex.de, *.webex.es, *.webex.fr"
Vimeo,,vimeo,Streaming media,Yes,,https://vimeo.zendesk.com/hc/en-us/articles/360040960091-Recommended-network-configuration-for-streaming,"*.livestream.com, *.vhx.com, *.vhx.tv, *.vimeo.com, *.vimeocdn.com","*.vimeo.com, *.vimeocdn.com",,"*.vimeo.com, *.vimeocdn.com"
Netflix,,netflix,Streaming media,Yes,,-,"*.flxvpn.net, *.netflix.ca, *.netflix.com, *.netflix.com.au, *.netflix.net, *.netflixdnstest1.com, *.netflixdnstest10.com, *.netflixdnstest2.com, *.netflixdnstest3.com, *.netflixdnstest4.com, *.netflixdnstest5.com, *.netflixdnstest6.com, *.netflixdnstest7.com, *.netflixdnstest8.com, *.netflixdnstest9.com, *.netflixinvestor.com, *.netflixstudios.com, *.netflixtechblog.com, *.nflxext.com, *.nflximg.com, *.nflximg.net, *.nflxso.net, *.nflxvideo.net","*.netflix.ca, *.netflix.com, *.netflix.net, *.netflixdnstest1.com, *.netflixdnstest10.com, *.netflixdnstest2.com, *.netflixdnstest3.com, *.netflixdnstest4.com, *.netflixdnstest5.com, *.netflixdnstest6.com, *.netflixdnstest7.com, *.netflixdnstest8.com, *.netflixdnstest9.com, *.netflixinvestor.com, *.netflixtechblog.com, *.nflxext.com, *.nflximg.com, *.nflximg.net, *.nflxso.net, *.nflxvideo.net",,"*.netflix.ca, *.netflix.com, *.netflix.net, *.netflixdnstest1.com, *.netflixdnstest10.com, *.netflixdnstest2.com, *.netflixdnstest3.com, *.netflixdnstest4.com, *.netflixdnstest5.com, *.netflixdnstest6.com, *.netflixdnstest7.com, *.netflixdnstest8.com, *.netflixdnstest9.com, *.netflixinvestor.com, *.netflixtechblog.com, *.nflxext.com, *.nflximg.com, *.nflximg.net, *.nflxso.net, *.nflxvideo.net"
Twitch,,twitch,Streaming media,Yes,,-,"*.ext-twitch.tv, *.jtvnw.net, *.live-video.net, *.ttvnw.net, *.twitch-shadow.net, *.twitch.tv, *.twitchcdn-shadow.net, *.twitchcdn.net, *.twitchsvc-staging.tech, *.twitchsvc.net","*.ext-twitch.tv, *.jtvnw.net, *.live-video.net, *.ttvnw.net, *.twitch.tv, *.twitchcdn.net, *.twitchsvc.net",,"*.ext-twitch.tv, *.jtvnw.net, *.live-video.net, *.ttvnw.net, *.twitch.tv, *.twitchcdn.net, *.twitchsvc.net"
Amazon Prime Video,,amazon-prime,Streaming media,Yes,,-,"*.aiv-cdn.net, *.aiv-delivery.net, *.amazonvideo.com, *.atv-ext-eu.amazon.com, *.atv-ext-fe.amazon.com, *.atv-ext.amazon.com, *.atv-ps-eu.amazon.co.uk, *.atv-ps-eu.amazon.com, *.atv-ps-fe.amazon.co.jp, *.atv-ps-fe.amazon.com, *.atv-ps.amazon.com, *.primevideo.com, *.pv-cdn.net, *.video.a2z.com","*.aiv-cdn.net, *.aiv-delivery.net, *.amazonvideo.com, *.atv-ext-eu.amazon.com, *.atv-ext-fe.amazon.com, *.atv-ext.amazon.com, *.atv-ps.amazon.com, *.primevideo.com, *.pv-cdn.net",,"*.aiv-cdn.net, *.aiv-delivery.net, *.amazonvideo.com, *.atv-ext-eu.amazon.com, *.atv-ext-fe.amazon.com, *.atv-ext.amazon.com, *.atv-ps.amazon.com, *.primevideo.com, *.pv-cdn.net"
O2 TV,,o2tv,Streaming media,No,-,-,,,*.o2tv.cz,*.o2tv.cz
Obalky Knih,,obalkyknih,Streaming media,No,-,-,,,"cache.obalkyknih.cz, cache1.obalkyknih.cz, cache2.obalkyknih.cz","cache.obalkyknih.cz, cache1.obalkyknih.cz, cache2.obalkyknih.cz"
Super.cz Media,,super-media,Streaming media,No,-,-,,,media.super.cz,media.super.cz
Font Awesome,,font-awesome,Streaming media,No,-,-,,,"ka-f.fontawesome.com, use.fontawesome.com","ka-f.fontawesome.com, use.fontawesome.com"
Docker Registry,,docker-registry,Streaming media,No,-,-,,,registry-1.docker.io,registry-1.docker.io
NPM Registry,,npm-registry,Streaming media,No,-,-,,,registry.npmjs.org,registry.npmjs.org
Unpkg,,unpkg,Streaming media,No,-,-,,,unpkg.com,unpkg.com
Wikimedia Commons,,wikimedia-commons,Streaming media,No,-,-,,,commons.wikimedia.org,commons.wikimedia.org
Sumava Camdata,,sumava-camdata,Streaming media,No,-,-,,,camdata.sumava.eu,camdata.sumava.eu
Dropbox,,dropbox,File sharing,Yes,,https://help.dropbox.com/accounts-billing/security/official-domains,"*.db.tt, *.dropbox-dns.com, *.dropbox.com, *.dropbox.tech, *.dropboxapi.com, *.dropboxbusiness.com, *.dropboxcaptcha.com, *.dropboxforum.com, *.dropboxforums.com, *.dropboxinsiders.com, *.dropboxmail.com, *.dropboxpartners.com, *.dropboxpayments.com, *.dropboxstatic.com, *.dropboxteam.com, *.dropboxusercontent.com, *.getdropbox.com","*.db.tt, *.dropbox-dns.com, *.dropbox.com, *.dropbox.tech, *.dropboxapi.com, *.dropboxbusiness.com, *.dropboxcaptcha.com, *.dropboxforum.com, *.dropboxforums.com, *.dropboxinsiders.com, *.dropboxmail.com, *.dropboxpartners.com, *.dropboxstatic.com, *.dropboxusercontent.com, *.getdropbox.com",,"*.db.tt, *.dropbox-dns.com, *.dropbox.com, *.dropbox.tech, *.dropboxapi.com, *.dropboxbusiness.com, *.dropboxcaptcha.com, *.dropboxforum.com, *.dropboxforums.com, *.dropboxinsiders.com, *.dropboxmail.com, *.dropboxpartners.com, *.dropboxstatic.com, *.dropboxusercontent.com, *.getdropbox.com"
Github,,github,File sharing,Yes,,-,"*.ghcr.io, *.github.com, *.github.com.herokudns.com, *.github.community, *.github.io, *.githubapp.com, *.githubassets.com, *.githubusercontent.com","*.ghcr.io, *.github.com, *.github.io, *.githubapp.com, *.githubassets.com, *.githubusercontent.com",,"*.ghcr.io, *.github.com, *.github.io, *.githubapp.com, *.githubassets.com, *.githubusercontent.com"
Uschovna,,uschovna,File sharing,No,-,-,,,*.uschovna.cz,*.uschovna.cz
Ulozto,,ulozto,File sharing,No,-,-,,,*.uloz.to,*.uloz.to
Gitlab (3 providers),,gitlab,File sharing,No,-,-,,,"gitlab.fit.cvut.cz, gitlab.liberouter.org, gitlab.fel.cvut.cz","gitlab.fit.cvut.cz, gitlab.liberouter.org, gitlab.fel.cvut.cz"
"ownCloud (CESNET, MUNI)",,owncloud,File sharing,No,-,-,,,"owncloud.cesnet.cz, owncloud.is.muni.cz","owncloud.cesnet.cz, owncloud.is.muni.cz"
CESNET Filesender,,cesnet-filesender,File sharing,No,-,-,,,filesender.cesnet.cz,filesender.cesnet.cz
TikTok,,tiktok,Social,Yes,,-,"*.abtest-sg-tiktok.byteoversea.com, *.abtest-va-tiktok.byteoversea.com, *.gts.byteoversea.net, *.isnssdk.com, *.lf1-ttcdn-tos.pstatp.com, *.muscdn.com, *.musemuse.cn, *.musical.ly, *.p1-tt-ipv6.byteimg.com, *.p1-tt.byteimg.com, *.p16-ad-sg.ibyteimg.com, *.p16-tiktok-sg.ibyteimg.com, *.p16-tiktok-sign-va-h2.ibyteimg.com, *.p16-tiktok-va-h2.ibyteimg.com, *.p16-tiktok-va.ibyteimg.com, *.p16-va-tiktok.ibyteimg.com, *.p26-tt.byteimg.com, *.p3-tt-ipv6.byteimg.com, *.p9-tt.byteimg.com, *.pull-f3-hs.pstatp.com, *.pull-f5-hs.flive.pstatp.com, *.pull-f5-hs.pstatp.com, *.pull-f5-mus.pstatp.com, *.pull-flv-f1-hs.pstatp.com, *.pull-flv-f6-hs.pstatp.com, *.pull-flv-l1-hs.pstatp.com, *.pull-flv-l1-mus.pstatp.com, *.pull-flv-l6-hs.pstatp.com, *.pull-hls-l1-mus.pstatp.com, *.pull-l3-hs.pstatp.com, *.pull-rtmp-f1-hs.pstatp.com, *.pull-rtmp-f6-hs.pstatp.com, *.pull-rtmp-l1-hs.pstatp.com, *.pull-rtmp-l1-mus.pstatp.com, *.pull-rtmp-l6-hs.pstatp.com, *.quic-tiktok-core-proxy-i18n-gcpva.byteoversea.net, *.quic-tiktok-proxy-i18n-gcpva.byteoversea.net, *.sf1-ttcdn-tos.pstatp.com, *.sf16-ttcdn-tos.ipstatp.com, *.sf6-ttcdn-tos.pstatp.com, *.sgsnssdk.com, *.tiktok-lb-alisg.byteoversea.net, *.tiktok-lb-maliva.byteoversea.net, *.tiktok-platform-lb-alisg.byteoversea.net, *.tiktok.com, *.tiktokcdn-in.com, *.tiktokcdn-us.com, *.tiktokcdn-us.com.atomile.com, *.tiktokcdn.com, *.tiktokcdn.com.atomile.com, *.tiktokcdn.com.c.bytetcdn.com, *.tiktokcdn.com.c.worldfcdn.com, *.tiktokcdn.com.rocket-cdn.com, *.tiktokd.org, *.tiktokv.com, *.tiktokv.com.c.worldfcdn.com, *.tiktokv.com.c.worldfcdn2.com, *.tlivecdn.com, *.ttlivecdn.com, *.ttlivecdn.com.c.worldfcdn.com, *.ttoversea.net, *.ttoverseaus.net","*.abtest-va-tiktok.byteoversea.com, *.isnssdk.com, *.lf1-ttcdn-tos.pstatp.com, *.muscdn.com, *.musemuse.cn, *.musical.ly, *.p1-tt-ipv6.byteimg.com, *.p1-tt.byteimg.com, *.p16-ad-sg.ibyteimg.com, *.p16-tiktok-sg.ibyteimg.com, *.p16-tiktok-sign-va-h2.ibyteimg.com, *.p16-tiktok-va-h2.ibyteimg.com, *.p16-tiktok-va.ibyteimg.com, *.p16-va-tiktok.ibyteimg.com, *.p26-tt.byteimg.com, *.p3-tt-ipv6.byteimg.com, *.p9-tt.byteimg.com, *.sf1-ttcdn-tos.pstatp.com, *.sf16-ttcdn-tos.ipstatp.com, *.sf6-ttcdn-tos.pstatp.com, *.sgsnssdk.com, *.tiktok.com, *.tiktokcdn-in.com, *.tiktokcdn.com, *.tiktokcdn.com.c.bytetcdn.com, *.tiktokcdn.com.c.worldfcdn.com, *.tiktokcdn.com.wsdvs.com, *.tiktokcdn.liveplay.myqcloud.com, *.tiktokv.com, *.tiktokv.com.akamaized.net, *.ttlivecdn.com, *.ttlivecdn.com.akamaized.net, *.ttlivecdn.com.c.worldfcdn.com, *.ttlivecdn.com.wsdvs.com, *.ttoversea.net",,"*.abtest-va-tiktok.byteoversea.com, *.isnssdk.com, *.lf1-ttcdn-tos.pstatp.com, *.muscdn.com, *.musemuse.cn, *.musical.ly, *.p1-tt-ipv6.byteimg.com, *.p1-tt.byteimg.com, *.p16-ad-sg.ibyteimg.com, *.p16-tiktok-sg.ibyteimg.com, *.p16-tiktok-sign-va-h2.ibyteimg.com, *.p16-tiktok-va-h2.ibyteimg.com, *.p16-tiktok-va.ibyteimg.com, *.p16-va-tiktok.ibyteimg.com, *.p26-tt.byteimg.com, *.p3-tt-ipv6.byteimg.com, *.p9-tt.byteimg.com, *.sf1-ttcdn-tos.pstatp.com, *.sf16-ttcdn-tos.ipstatp.com, *.sf6-ttcdn-tos.pstatp.com, *.sgsnssdk.com, *.tiktok.com, *.tiktokcdn-in.com, *.tiktokcdn.com, *.tiktokcdn.com.c.bytetcdn.com, *.tiktokcdn.com.c.worldfcdn.com, *.tiktokcdn.com.wsdvs.com, *.tiktokcdn.liveplay.myqcloud.com, *.tiktokv.com, *.tiktokv.com.akamaized.net, *.ttlivecdn.com, *.ttlivecdn.com.akamaized.net, *.ttlivecdn.com.c.worldfcdn.com, *.ttlivecdn.com.wsdvs.com, *.ttoversea.net"
Snapchat,,snapchat,Social,Yes,,-,"*.addlive.io, *.feelinsonice.com, *.sc-cdn.net, *.sc-corp.net, *.sc-gw.com, *.sc-jpl.com, *.sc-prod.net, *.sc-static.net, *.snap-dev.net, *.snapads.com, *.snapchat.com, *.snapkit.com","*.addlive.io, *.feelinsonice.com, *.sc-cdn.net, *.sc-corp.net, *.sc-gw.com, *.sc-jpl.com, *.sc-prod.net, *.sc-static.net, *.snap-dev.net, *.snapads.com, *.snapchat.com, *.snapkit.com",,"*.addlive.io, *.feelinsonice.com, *.sc-cdn.net, *.sc-corp.net, *.sc-gw.com, *.sc-jpl.com, *.sc-prod.net, *.sc-static.net, *.snap-dev.net, *.snapads.com, *.snapchat.com, *.snapkit.com"
Twitter,,twitter,Social,Yes,,-,"*.ads-twitter.com, *.periscope.tv, *.pscp.tv, *.t.co, *.tweetdeck.com, *.twimg.com, *.twitpic.com, *.twitter.co, *.twitter.com, *.twitterinc.com, *.twitteroauth.com, *.twitterstat.us, *.twttr.com","*.ads-twitter.com, *.periscope.tv, *.pscp.tv, *.t.co, *.tweetdeck.com, *.twimg.akadns.net, *.twimg.com, *.twitpic.com, *.twitter.com, *.twitterinc.com, *.twitteroauth.com, *.twitterstat.us, *.twttr.com",,"*.ads-twitter.com, *.periscope.tv, *.pscp.tv, *.t.co, *.tweetdeck.com, *.twimg.akadns.net, *.twimg.com, *.twitpic.com, *.twitter.com, *.twitterinc.com, *.twitteroauth.com, *.twitterstat.us, *.twttr.com"
Tinder,,tinder,Social,Yes,,-,"*.gotinder.com, *.tinder.com, *.tindersparks.com","*.gotinder.com, *.tinder.com, *.tindersparks.com",,"*.gotinder.com, *.tinder.com, *.tindersparks.com"
Bing,,bing,Search,Yes,,-,"*.bi.ng, *.bing-int.com, *.bing.com, *.bing.com.bo, *.bing.com.co, *.bing.com.cy, *.bing.com.gt, *.bing.jp, *.bing.net, *.bing.office.net, *.bingapis.com, *.bingforbusiness.com, *.cortana.ai, *.windowssearch.com","*.api-bing-com.e-0001.e-msedge.net, *.bi.ng, *.bing.com, *.bing.com.bo, *.bing.com.co, *.bing.com.cy, *.bing.com.gt, *.bing.jp, *.bing.net, *.bing.office.net, *.bingapis.com, *.bingforbusiness.com, *.cortana.ai, *.windowssearch.com",,"*.api-bing-com.e-0001.e-msedge.net, *.bi.ng, *.bing.com, *.bing.com.bo, *.bing.com.co, *.bing.com.cy, *.bing.com.gt, *.bing.jp, *.bing.net, *.bing.office.net, *.bingapis.com, *.bingforbusiness.com, *.cortana.ai, *.windowssearch.com"
DuckDuckGo,,duckduckgo,Search,Yes,,-,*.duckduckgo.com,*.duckduckgo.com,,*.duckduckgo.com
MLP Search,,mlp-search,Search,No,-,-,,,"search.mlp.cz, msearch.mlp.cz","search.mlp.cz, msearch.mlp.cz"
AccuWeather,,accuweather,Weather services,Yes,,-,"*.accu-weather.com, *.accuweather.com","*.accu-weather.com, *.accuweather-com.videoplayerhub.com, *.accuweather.com, *.e10414.g.akamaiedge.net","*.accu-weather.com, *.accuweather-com.videoplayerhub.com, *.accuweather.com","*.accu-weather.com, *.accuweather-com.videoplayerhub.com, *.accuweather.com, *.e10414.g.akamaiedge.net, *.accu-weather.com, *.accuweather-com.videoplayerhub.com, *.accuweather.com"
The Weather Channel,,the-weather-channel,Weather services,Yes,,-,"*.weather.com, *.weather.com.cn","*.weather.com, *.weather.com.cn",,"*.weather.com, *.weather.com.cn"
CHMI,,chmi,Weather services,No,-,-,,,*.chmi.cz,*.chmi.cz
AppNexus,,appnexus,Advertising,Yes,,-,"*.adnxs-simple.com, *.adnxs.com, *.adnxs.net, *.appnexus.com, *.appnexusgslb.net, *.geoadnxs.com, *.geogslb.com, *.yieldoptimizer.com","*.adnxs-simple.com, *.adnxs.com, *.appnexus.com, *.appnexusgslb.net, *.e6115.g.akamaiedge.net, *.geoadnxs.com, *.geogslb.com",,"*.adnxs-simple.com, *.adnxs.com, *.appnexus.com, *.appnexusgslb.net, *.e6115.g.akamaiedge.net, *.geoadnxs.com, *.geogslb.com"
Amazon Advertising,,amazon-advertising,Advertising,Yes,,-,"*.aax-eu-dub.amazon.com, *.aax-eu-retail-direct.amazon-adsystem.com, *.aax-eu.amazon.co.uk, *.aax-eu.amazon.de, *.aax-eu.amazon.es, *.aax-eu.amazon.fr, *.aax-eu.amazon.in, *.aax-eu.amazon.it, *.aax-eu.amazon.nl, *.aax-eu.amazon.se, *.aax-us-iad.amazon.com, *.advertising.a2z.com, *.advertising.amazon.dev, *.amazon-adsystem.amazon.com, *.amazon-adsystem.com, *.amazon.dev, *.assoc-amazon.ca, *.assoc-amazon.co.uk, *.assoc-amazon.com, *.assoc-amazon.de, *.assoc-amazon.fr, *.device-metrics-us.amazon.com, *.mads-eu.amazon.com, *.mads.amazon.com, *.rfihub.com, *.rfihub.net, *.serving-sys.com, *.sizmek.com, *.tk-adsystem.a2z.com, *.video-ads.a2z.com","*.aax-eu.amazon.co.uk, *.aax-eu.amazon.es, *.aax-eu.amazon.in, *.aax-eu.amazon.nl, *.amazon-adsystem.amazon.com, *.amazon-adsystem.com, *.device-metrics-us.amazon.com, *.mads-eu.amazon.com, *.mads.amazon.com, *.rfihub.com, *.rfihub.net, *.serving-sys.com, *.sizmek.com, *.video-ads.a2z.com",,"*.aax-eu.amazon.co.uk, *.aax-eu.amazon.es, *.aax-eu.amazon.in, *.aax-eu.amazon.nl, *.amazon-adsystem.amazon.com, *.amazon-adsystem.com, *.device-metrics-us.amazon.com, *.mads-eu.amazon.com, *.mads.amazon.com, *.rfihub.com, *.rfihub.net, *.serving-sys.com, *.sizmek.com, *.video-ads.a2z.com"
Pubmatic,,pubmatic,Advertising,Yes,,-,"*.pubmatic.com, *.pubmnet.com","*.pubmatic.com, *.pubmnet.com",,"*.pubmatic.com, *.pubmnet.com"
Rubicon Project,,rubiconproject,Advertising,No,-,-,,,*.rubiconproject.com,*.rubiconproject.com
R2D2,,r2d2,Advertising,No,-,-,,,delivery.r2b2.cz,delivery.r2b2.cz
Steam,,steam,Games,Yes,,https://support.steampowered.com/kb_article.php?ref=8571-GLVN-8711,"*.s.team, *.steam-chat.com, *.steamchina.com, *.steamcommunity.com, *.steamcontent.com, *.steamgames.com, *.steampowered.com, *.steampowered.com.8686c.com, *.steamserver.net, *.steamstatic.com, *.steamstatic.com.8686c.com, *.steamusercontent.com","*.s.team, *.steam-chat.com, *.steamchina.com, *.steamcommunity.com, *.steamcontent.com, *.steamgames.com, *.steampowered.com, *.steampowered.com.8686c.com, *.steamstatic.com, *.steamstatic.com.8686c.com, *.steamusercontent.com, *.valvesoftware.com",,"*.s.team, *.steam-chat.com, *.steamchina.com, *.steamcommunity.com, *.steamcontent.com, *.steamgames.com, *.steampowered.com, *.steampowered.com.8686c.com, *.steamstatic.com, *.steamstatic.com.8686c.com, *.steamusercontent.com, *.valvesoftware.com"
Xbox Live,,xbox-live,Games,Yes,,-,"*.gamepass.com, *.xbox-global.ifs.windows.com, *.xbox-guide-public.rec.mp.microsoft.com, *.xbox.ipv6.microsoft.com, *.xboxab.com, *.xboxab.net, *.xboxlive.com, *.xboxservices.com","*.e87.dspb.akamaiedge.net, *.e87.dspg.akamaiedge.net, *.gamepass.com, *.xboxab.com, *.xboxab.net, *.xboxlive.com, *.xboxservices.com",,"*.e87.dspb.akamaiedge.net, *.e87.dspg.akamaiedge.net, *.gamepass.com, *.xboxab.com, *.xboxab.net, *.xboxlive.com, *.xboxservices.com"
Unity Games,,unity-games,Games,Yes,,-,#N/A,*.unity3d.com,,*.unity3d.com
Riot Games,,riot-games,Games,Yes,,-,"*.dradis-prod.rdatasrv.net, *.pvp.net, *.rgpub.io, *.riotcdn.com, *.riotcdn.net, *.riotgames.com","*.leagueoflegends.com, *.riotcdn.net, *.riotgames.com",,"*.leagueoflegends.com, *.riotcdn.net, *.riotgames.com"
King Games,,king-games,Games,Yes,,-,"*.king.com, *.midasplayer.com","*.king.com, *.midasplayer.com",,"*.king.com, *.midasplayer.com"
EA Games,,ea-games,Games,Yes,,-,"*.ea.com, *.eamobile.com, *.easports.com, *.nearpolar.com, *.swtor.com, *.tnt-ea.com","*.ea.com, *.eamobile.com, *.easports.com, *.tnt-ea.com",,"*.ea.com, *.eamobile.com, *.easports.com, *.tnt-ea.com"
Spotify,,spotify,Music,Yes,,https://community.spotify.com/t5/Desktop-Windows/Desktop-App-Domain-Needed-for-Whitelist/m-p/4882540,"*.pscdn.co, *.scdn.co, *.spoti.fi, *.spotify.com, *.spotifycdn.com, *.spotifycdn.net, *.spotifycharts.com, *.spotifycodes.com, *.spotifyjobs.com, *.spotifynewsroom.jp, *.spotilocal.com, *.tospotify.com","*.pscdn.co, *.scdn.co, *.spoti.fi, *.spotify.com, *.spotifycdn.com, *.spotifycdn.net, *.spotifycharts.com, *.spotifycodes.com, *.spotifyjobs.com, *.spotilocal.com, *.video-akp-cdn-spotify-com.akamaized.net",,"*.pscdn.co, *.scdn.co, *.spoti.fi, *.spotify.com, *.spotifycdn.com, *.spotifycdn.net, *.spotifycharts.com, *.spotifycodes.com, *.spotifyjobs.com, *.spotilocal.com, *.video-akp-cdn-spotify-com.akamaized.net"
SoundCloud,,soundcloud,Music,Yes,,-,"*.sndcdn.com, *.soundcloud.app.goo.gl, *.soundcloud.com, *.soundcloudmail.com","*.sndcdn.com, *.soundcloud.com",,"*.sndcdn.com, *.soundcloud.com"
Salesforce,,salesforce,Information systems,Yes,,https://help.salesforce.com/articleView?id=sf.setup_domains.htm&type=5,"*.documentforce.com, *.evergage.com, *.exacttarget.com, *.exct.net, *.force.com, *.krxd.net, *.letscommercetogether.com, *.marketingcloudapis.com, *.pardot.com, *.salesforce.com, *.salesforceliveagent.com, *.sfmc-content.com, *.sforce.co","*.documentforce.com, *.exacttarget.com, *.exct.net, *.force.com, *.krxd.net, *.pardot.com, *.salesforce.com, *.salesforceliveagent.com, *.sfmc-content.com",,"*.documentforce.com, *.exacttarget.com, *.exct.net, *.force.com, *.krxd.net, *.pardot.com, *.salesforce.com, *.salesforceliveagent.com, *.sfmc-content.com"
Booking.com,,booking-com,Information systems,Yes,,-,"*.booking.com, *.bstatic.com, *.rentalcars.com","*.booking.com, *.bstatic.com",,"*.booking.com, *.bstatic.com"
"Moodle (CTU, CZU, VUTBR)",,moodle,Information systems,No,-,-,,,"moodle-vyuka.cvut.cz, moodle.fel.cvut.cz, moodle.czu.cz, moodle.vutbr.cz","moodle-vyuka.cvut.cz, moodle.fel.cvut.cz, moodle.czu.cz, moodle.vutbr.cz"
"Redmine (CESNET, MFF UK, KIV ZCU)",,redmine,Information systems,No,-,-,,,"redmine.cesnet.cz, redmine.liberouter.org, redmine.ms.mff.cuni.cz, redmine.kiv.zcu.cz","redmine.cesnet.cz, redmine.liberouter.org, redmine.ms.mff.cuni.cz, redmine.kiv.zcu.cz"
INSIS VSE,,vse-insis,Information systems,No,-,-,,,insis.vse.cz,insis.vse.cz
ISIR Justice,,justice-isir,Information systems,No,-,-,,,isir.justice.cz,isir.justice.cz
CTU KOS,,ctu-kos,Information systems,No,-,-,,,*.kos.cvut.cz,*.kos.cvut.cz
UZIS PLF,,uzis-plf,Information systems,No,-,-,,,plf.uzis.cz,plf.uzis.cz
UZIS OCKO,,uzis-ocko,Information systems,No,-,-,,,ocko.uzis.cz,ocko.uzis.cz
KSRZIS Registr,,ksrzis,Information systems,No,-,-,,,*.ksrzis.cz,*.ksrzis.cz
National Digital Library,,ndk,Information systems,No,-,-,,,ndk.cz,ndk.cz
Katastr Nahlizeni,,katastr-nahlizeni,Information systems,No,-,-,,,nahlizenidokn.cuzk.cz,nahlizenidokn.cuzk.cz
CESNET Nerd,,cesnet-nerd,Information systems,No,-,-,,,nerd.cesnet.cz,nerd.cesnet.cz
CESNET Gerrit,,cesnet-gerrit,Information systems,No,-,-,,,gerrit.cesnet.cz,gerrit.cesnet.cz
CESNET Perun,,cesnet-perun,Information systems,No,-,-,,,perun.cesnet.cz,perun.cesnet.cz
Visual Studio Application Insights,,visualstudio-insights,Analytics & Telemetry,No,-,-,,,dc.services.visualstudio.com,dc.services.visualstudio.com
Loggly,,loggly,Analytics & Telemetry,No,-,-,,,logs-01.loggly.com,logs-01.loggly.com
Nvidia GFE Events,,gfe-events,Analytics & Telemetry,No,-,-,,,services.gfe.nvidia.com,services.gfe.nvidia.com
Huawei Cloud Connectivity Check,,hicloud-connectivity,Analytics & Telemetry,No,-,-,,,connectivitycheck.platform.hicloud.com,connectivitycheck.platform.hicloud.com
Huawei Cloud Logservice,,hicloud-logservice,Analytics & Telemetry,No,-,-,,,logservice-dre.platform.hicloud.com,logservice-dre.platform.hicloud.com
Xiaomi Tracking,,xiaomi-tracking,Analytics & Telemetry,No,-,https://github.com/unknownFalleN/xiaomi-dns-blocklist/blob/master/xiaomi_dns_block.lst,,,"data.mistat.intl.xiaomi.com, api.ad.intl.xiaomi.com","data.mistat.intl.xiaomi.com, api.ad.intl.xiaomi.com"
Avast,,avast,Antivirus,Yes,,https://businesshelp.avast.com/Content/Products/AfB_Management_Consoles/DeviceManagement/FirewallRequirements.htm,"*.avast.cn, *.avast.co.jp, *.avast.com, *.avast.cz, *.avast.ua, *.avastbrowser.com, *.avastdns.com, *.avastmhub.azurewebsites.net, *.avcdn.net, *.ns1dnsavast.com","*.avast.com, *.avast.com.akamaized.net, *.avast.com.edgesuite.net, *.avastbrowser.com, *.avcdn.net, *.ns1dnsavast.com",,"*.avast.com, *.avast.com.akamaized.net, *.avast.com.edgesuite.net, *.avastbrowser.com, *.avcdn.net, *.ns1dnsavast.com"
Kaspersky,,kaspersky,Antivirus,Yes,,-,"*.kas-labs.com, *.kaspersky-labs.com, *.kaspersky.com, *.kaspersky.com.au, *.labkas.com","*.kas-labs.com, *.kaspersky-labs.com, *.kaspersky.com, *.labkas.com",,"*.kas-labs.com, *.kaspersky-labs.com, *.kaspersky.com, *.labkas.com"
Malwarebytes Telemetry,,malwarebytes-telemetry,Antivirus,No,-,https://support.malwarebytes.com/hc/en-us/articles/360038516734-Firewall-Rules-for-Malwarebytes-on-Windows-devices,,,telemetry.malwarebytes.com,telemetry.malwarebytes.com
Slack,,slack,Instant messaging,Yes,,https://cesnet-tmc.slack.com/help/urls?selected_team_id=TMYJ4041G,"*.slack-core.com, *.slack-edge.com, *.slack-files.com, *.slack-imgs.com, *.slack-msgs.com, *.slack-redir.net, *.slack.com, *.slackb.com","*.slack-core.com, *.slack-edge.com, *.slack-files.com, *.slack-imgs.com, *.slack-msgs.com, *.slack-redir.net, *.slack.com, *.slackb.com",,"*.slack-core.com, *.slack-edge.com, *.slack-files.com, *.slack-imgs.com, *.slack-msgs.com, *.slack-redir.net, *.slack.com, *.slackb.com"
Discord,,discord,Instant messaging,Yes,,-,"*.discord.com, *.discord.gg, *.discord.media, *.discordapp.com, *.discordapp.net, *.discordstatus.com","*.discord.com, *.discord.gg, *.discord.media, *.discordapp.com, *.discordapp.net, *.discordstatus.com",,"*.discord.com, *.discord.gg, *.discord.media, *.discordapp.com, *.discordapp.net, *.discordstatus.com"
CTU Matrix Server,,ctu-matrix,Instant messaging,No,-,-,,,im.su.cvut.cz,im.su.cvut.cz
Yahoo Mail,,yahoo-mail,Mail,Yes,,-,"*.bizmail.yahoo.com, *.imap.aol.com, *.mail.am0.yahoodns.net, *.mail.aol.com, *.mail.bf2.yahoo.com, *.mail.g.yahoo.co.jp, *.mail.g03.yahoodns.net, *.mail.global.gm0.yahoodns.net, *.mail.gm0.yahoodns.net, *.mail.gq1.yahoo.com, *.mail.ne1.yahoo.com, *.mail.us.am0.yahoodns.net, *.mail.vip.bf1.yahoo.com, *.mail.vip.gq1.yahoo.com, *.mail.vip.ne1.yahoo.com, *.mail.yahoo.co.jp, *.mail.yahoo.co.uk, *.mail.yahoo.com, *.mail.yahoo.com.au, *.mail.yahoo.com.tw, *.mailyahoo.com, *.pop.att.yahoo.com, *.postmaster.yahooinc.com, *.yahoomail.co.nz, *.yahoomail.com, *.ymail.com","*.imap.aol.com, *.mail.bf2.yahoo.com, *.mail.g03.yahoodns.net, *.mail.gq1.yahoo.com, *.mail.ne1.yahoo.com, *.mail.yahoo.com, *.mailyahoo.com",,"*.imap.aol.com, *.mail.bf2.yahoo.com, *.mail.g03.yahoodns.net, *.mail.gq1.yahoo.com, *.mail.ne1.yahoo.com, *.mail.yahoo.com, *.mailyahoo.com"
CTU FEL Mail,,ctu-felmail,Mail,No,-,-,,,wimap.feld.cvut.cz,wimap.feld.cvut.cz
CESNET Kalendar,,cesnet-kalendar,Mail,No,-,-,,,kalendar.cesnet.cz,kalendar.cesnet.cz
Grammarly,,grammarly,Other services and APIs,Yes,,-,"*.grammarly.com, *.grammarly.io, *.grammarlyaws.com","*.grammarly.com, *.grammarly.io, *.grammarlyaws.com",,"*.grammarly.com, *.grammarly.io, *.grammarlyaws.com"
Signageos,,signageos,Other services and APIs,No,-,-,,,*.signageos.io,*.signageos.io
Autodesk API,,autodesk,Other services and APIs,No,-,https://knowledge.autodesk.com/support/autocad/troubleshooting/caas/sfdcarticles/sfdcarticles/What-URLs-protocols-should-be-accessible-for-Desktop-Subscription-to-work-html.html,,,ase.autodesk.com,ase.autodesk.com
CESNET CTI HUB,,cesnet-ctihub,Other services and APIs,No,-,-,,,cti-hub.cesnet.cz,cti-hub.cesnet.cz
DoH (5 providers),,dns-doh,Other services and APIs,No,-,https://github.com/curl/curl/wiki/DNS-over-HTTPS,,,"*.cloudflare-dns.com, dns.google, dns.adguard.com, doh.opendns.com, odvr.nic.cz","*.cloudflare-dns.com, dns.google, dns.adguard.com, doh.opendns.com, odvr.nic.cz"
Hlidac statu OCR,,hlidacstatu-ocr,Other services and APIs,No,-,-,,,ocr.hlidacstatu.cz,ocr.hlidacstatu.cz
eKasa SK,,ekasa,Other services and APIs,No,-,https://www.financnasprava.sk/sk/podnikatelia/dane/ekasa,,,ekasa.financnasprava.sk,ekasa.financnasprava.sk
SUKL eRecept,,sukl-erecept,Other services and APIs,No,-,https://www.epreskripce.cz/,,,*.erecept.sukl.cz,*.erecept.sukl.cz
SUKL API,,sukl-api,Other services and APIs,No,-,-,,,api2.sukl.cz,api2.sukl.cz
UZIS API,,uzis-api,Other services and APIs,No,-,-,,,api.uzis.cz,api.uzis.cz
Dopravni Info API,,dopravniinfo-api,Other services and APIs,No,-,-,,,*.dopravniinfo.cz,*.dopravniinfo.cz
Datova Schranka,,datova-schranka,Other services and APIs,No,-,-,,,*.mojedatovaschranka.cz,*.mojedatovaschranka.cz
VZP B2B API,,vzp-api,Other services and APIs,No,-,-,,,prod.b2b.vzp.cz,prod.b2b.vzp.cz
Aukro Backend,,aukro-backend,Other services and APIs,No,-,-,,,backend.aukro.cz,backend.aukro.cz
Rozhlas API,,rozhlas-api,Other services and APIs,No,-,-,,,api.rozhlas.cz,api.rozhlas.cz
Zotero,,zotero,Other services and APIs,No,-,-,,,"api.zotero.org, repo.zotero.org","api.zotero.org, repo.zotero.org"
3-D Secure (3 providers),,3dsecure,Other services and APIs,No,-,-,,,"3dsecure.mbank.cz, 3dsecure.gpwebpay.com, 3dsecure.csas.cz, 3dsecure2.csas.cz","3dsecure.mbank.cz, 3dsecure.gpwebpay.com, 3dsecure.csas.cz, 3dsecure2.csas.cz"
VMware VCSA,,vmware-vcsa,Other services and APIs,No,-,-,,,vcsa.vmware.com,vcsa.vmware.com
Nvidia GFE Services,,gfe-services,Other services and APIs,No,-,-,,,events.gfe.nvidia.com,events.gfe.nvidia.com
Xiaomi Account API,,xiaomi-account,Other services and APIs,No,-,-,,,api.account.xiaomi.com,api.account.xiaomi.com
CTU KOS API,,ctu-kosapi,Other services and APIs,No,-,-,,,kosapi.fit.cvut.cz,kosapi.fit.cvut.cz
CSAS Webchat,,csas-webchat,Other services and APIs,No,-,-,,,webchat.csas.cz,webchat.csas.cz
MS Edge New Tab Page,,edge-ntp,Other services and APIs,No,-,-,,,ntp.msn.com,ntp.msn.com
CTU IDP2,,ctu-idp2,Authentication services,No,-,-,,,idp2.civ.cvut.cz,idp2.civ.cvut.cz
SUKL Auth,,sukl-auth,Authentication services,No,-,-,,,auth.sukl.cz,auth.sukl.cz
SSO VSB,,vsb-sso,Authentication services,No,-,-,,,*.sso.vsb.cz,*.sso.vsb.cz
Docker Auth,,docker-auth,Authentication services,No,-,-,,,auth.docker.io,auth.docker.io
eIdentina,,eidentita,Authentication services,No,-,-,,,nia.eidentita.cz,nia.eidentita.cz
CESNET Login,,cesnet-login,Authentication services,No,-,-,,,login.cesnet.cz,login.cesnet.cz
Amazon Alexa,,amazon-alexa,Virtual assistant,Yes,,-,"*.alexa.amazon.ca, *.alexa.amazon.co.jp, *.alexa.amazon.co.uk, *.alexa.amazon.com, *.alexa.amazon.it, *.alexa.na.gateway.devices.a2z.com, *.amazonalexa.com, *.avs-alexa-1-eu.amazon.com, *.avs-alexa-10-eu.amazon.com, *.avs-alexa-10-na.amazon.com, *.avs-alexa-11-eu.amazon.com, *.avs-alexa-11-na.amazon.com, *.avs-alexa-12-eu.amazon.com, *.avs-alexa-12-na.amazon.com, *.avs-alexa-13-eu.amazon.com, *.avs-alexa-13-na.amazon.com, *.avs-alexa-14-eu.amazon.com, *.avs-alexa-14-na.amazon.com, *.avs-alexa-15-eu.amazon.com, *.avs-alexa-15-na.amazon.com, *.avs-alexa-16-eu.amazon.com, *.avs-alexa-16-na.amazon.com, *.avs-alexa-17-eu.amazon.com, *.avs-alexa-17-na.amazon.com, *.avs-alexa-18-eu.amazon.com, *.avs-alexa-18-na.amazon.com, *.avs-alexa-19-eu.amazon.com, *.avs-alexa-19-na.amazon.com, *.avs-alexa-2-eu.amazon.com, *.avs-alexa-2-na.amazon.com, *.avs-alexa-20-eu.amazon.com, *.avs-alexa-20-na.amazon.com, *.avs-alexa-3-eu.amazon.com, *.avs-alexa-3-na.amazon.com, *.avs-alexa-4-eu.amazon.com, *.avs-alexa-4-na.amazon.com, *.avs-alexa-5-eu.amazon.com, *.avs-alexa-5-na.amazon.com, *.avs-alexa-6-eu.amazon.com, *.avs-alexa-6-na.amazon.com, *.avs-alexa-7-eu.amazon.com, *.avs-alexa-7-na.amazon.com, *.avs-alexa-8-eu.amazon.com, *.avs-alexa-8-na.amazon.com, *.avs-alexa-9-eu.amazon.com, *.avs-alexa-9-na.amazon.com, *.avs-alexa-na.amazon.com, *.bob-dispatch-prod-eu.amazon.com, *.bob-dispatch-prod-fe.amazon.com, *.bob-dispatch-prod-na.amazon.com, *.bob-dispatch.prod.ap-south-1.gateway.devices.a2z.com, *.bob-dispatch.prod.eu-west-1.gateway.devices.a2z.com, *.dp-gw-na-backend.amazon.com, *.dp-gw-na-js.amazon.com, *.dp-gw-na.amazon.ca, *.dp-gw-na.amazon.cn, *.dp-gw-na.amazon.co.jp, *.dp-gw-na.amazon.co.uk, *.dp-gw-na.amazon.com, *.dp-gw-na.amazon.com.au, *.dp-gw-na.amazon.com.br, *.dp-gw-na.amazon.com.mx, *.dp-gw-na.amazon.de, *.dp-gw-na.amazon.es, *.dp-gw-na.amazon.fr, *.dp-gw-na.amazon.in, *.dp-gw-na.amazon.it, *.dp-gw-na.amazon.nl, *.latinum-eu.amazon.com, *.latinum.amazon.com, *.layla.amazon.com, *.layla.amazon.de, *.pins.amazon.com, *.pitangui.amazon.com","*.alexa.amazon.ca, *.alexa.amazon.co.jp, *.alexa.amazon.co.uk, *.alexa.amazon.com, *.alexa.amazon.it, *.alexa.na.gateway.devices.a2z.com, *.amazonalexa.com, *.avs-alexa-1-eu.amazon.com, *.avs-alexa-10-eu.amazon.com, *.avs-alexa-10-na.amazon.com, *.avs-alexa-11-eu.amazon.com, *.avs-alexa-11-na.amazon.com, *.avs-alexa-12-eu.amazon.com, *.avs-alexa-12-na.amazon.com, *.avs-alexa-13-eu.amazon.com, *.avs-alexa-13-na.amazon.com, *.avs-alexa-14-eu.amazon.com, *.avs-alexa-14-na.amazon.com, *.avs-alexa-15-eu.amazon.com, *.avs-alexa-15-na.amazon.com, *.avs-alexa-16-eu.amazon.com, *.avs-alexa-16-na.amazon.com, *.avs-alexa-17-eu.amazon.com, *.avs-alexa-17-na.amazon.com, *.avs-alexa-18-eu.amazon.com, *.avs-alexa-18-na.amazon.com, *.avs-alexa-19-eu.amazon.com, *.avs-alexa-19-na.amazon.com, *.avs-alexa-2-eu.amazon.com, *.avs-alexa-2-na.amazon.com, *.avs-alexa-20-eu.amazon.com, *.avs-alexa-20-na.amazon.com, *.avs-alexa-3-eu.amazon.com, *.avs-alexa-3-na.amazon.com, *.avs-alexa-4-eu.amazon.com, *.avs-alexa-4-na.amazon.com, *.avs-alexa-5-eu.amazon.com, *.avs-alexa-5-na.amazon.com, *.avs-alexa-6-eu.amazon.com, *.avs-alexa-6-na.amazon.com, *.avs-alexa-7-eu.amazon.com, *.avs-alexa-7-na.amazon.com, *.avs-alexa-8-eu.amazon.com, *.avs-alexa-8-na.amazon.com, *.avs-alexa-9-eu.amazon.com, *.avs-alexa-9-na.amazon.com, *.bob-dispatch-prod-eu.amazon.com, *.bob-dispatch-prod-na.amazon.com, *.latinum-eu.amazon.com, *.layla.amazon.com, *.layla.amazon.de, *.pitangui.amazon.com",,"*.alexa.amazon.ca, *.alexa.amazon.co.jp, *.alexa.amazon.co.uk, *.alexa.amazon.com, *.alexa.amazon.it, *.alexa.na.gateway.devices.a2z.com, *.amazonalexa.com, *.avs-alexa-1-eu.amazon.com, *.avs-alexa-10-eu.amazon.com, *.avs-alexa-10-na.amazon.com, *.avs-alexa-11-eu.amazon.com, *.avs-alexa-11-na.amazon.com, *.avs-alexa-12-eu.amazon.com, *.avs-alexa-12-na.amazon.com, *.avs-alexa-13-eu.amazon.com, *.avs-alexa-13-na.amazon.com, *.avs-alexa-14-eu.amazon.com, *.avs-alexa-14-na.amazon.com, *.avs-alexa-15-eu.amazon.com, *.avs-alexa-15-na.amazon.com, *.avs-alexa-16-eu.amazon.com, *.avs-alexa-16-na.amazon.com, *.avs-alexa-17-eu.amazon.com, *.avs-alexa-17-na.amazon.com, *.avs-alexa-18-eu.amazon.com, *.avs-alexa-18-na.amazon.com, *.avs-alexa-19-eu.amazon.com, *.avs-alexa-19-na.amazon.com, *.avs-alexa-2-eu.amazon.com, *.avs-alexa-2-na.amazon.com, *.avs-alexa-20-eu.amazon.com, *.avs-alexa-20-na.amazon.com, *.avs-alexa-3-eu.amazon.com, *.avs-alexa-3-na.amazon.com, *.avs-alexa-4-eu.amazon.com, *.avs-alexa-4-na.amazon.com, *.avs-alexa-5-eu.amazon.com, *.avs-alexa-5-na.amazon.com, *.avs-alexa-6-eu.amazon.com, *.avs-alexa-6-na.amazon.com, *.avs-alexa-7-eu.amazon.com, *.avs-alexa-7-na.amazon.com, *.avs-alexa-8-eu.amazon.com, *.avs-alexa-8-na.amazon.com, *.avs-alexa-9-eu.amazon.com, *.avs-alexa-9-na.amazon.com, *.bob-dispatch-prod-eu.amazon.com, *.bob-dispatch-prod-na.amazon.com, *.latinum-eu.amazon.com, *.layla.amazon.com, *.layla.amazon.de, *.pitangui.amazon.com"
Fio IB,,fio-ib,Internet banking,No,-,-,,,ib.fio.cz,ib.fio.cz
CSOB IB,,csob-ib,Internet banking,No,-,-,,,ib.csob.cz,ib.csob.cz
Moneta IB,,moneta-ib,Internet banking,No,-,-,,,ib.moneta.cz,ib.moneta.cz
CSAS IB,,csas-ib,Internet banking,No,-,-,,,"george.csas.cz, bezpecnost.csas.cz","george.csas.cz, bezpecnost.csas.cz"
RB IB,,rb-ib,Internet banking,No,-,-,,,online.rb.cz,online.rb.cz
Airbank IB,,airbank-ib,Internet banking,No,-,-,,,ib.airbank.cz,ib.airbank.cz
KB IB,,kb-ib,Internet banking,No,-,-,,,"mojebanka.kb.cz, login.kb.cz","mojebanka.kb.cz, login.kb.cz"
TeamViewer Client,,teamviewer-client,Remote desktop,No,-,-,,,client.teamviewer.com,client.teamviewer.com
VS Code Update,,vscode-update,Software updates,No,-,-,,,update.code.visualstudio.com,update.code.visualstudio.com